{
  "prompt": {
    "p50_ms": 2.320270490599796,
    "p95_ms": 6.183292018249631,
    "target_ms": 300
  },
  "feed": {
    "p50_ms": 7.796603953465819,
    "p95_ms": 9.547458030283451,
    "target_ms": 500
  },
  "image_render": {
    "p50_ms": 0.0,
    "p95_ms": 0.0,
    "target_ms": 500
  }
}
